<?xml version="1.0" encoding="UTF-8"?>
<root>
  <item name="io.intercom.android.sdk.DummyIntercom void setVisibility(int) 0">
    <annotation name="android.support.annotation.IntDef">
      <val name="value" val="{io.intercom.android.sdk.Intercom.VISIBLE, io.intercom.android.sdk.Intercom.GONE}" />
    </annotation>
  </item>
  <item name="io.intercom.android.sdk.Intercom void setVisibility(int) 0">
    <annotation name="android.support.annotation.IntDef">
      <val name="value" val="{io.intercom.android.sdk.Intercom.VISIBLE, io.intercom.android.sdk.Intercom.GONE}" />
    </annotation>
  </item>
  <item name="io.intercom.android.sdk.RealIntercom void setVisibility(int) 0">
    <annotation name="android.support.annotation.IntDef">
      <val name="value" val="{io.intercom.android.sdk.Intercom.VISIBLE, io.intercom.android.sdk.Intercom.GONE}" />
    </annotation>
  </item>
</root>

